RG_Sample_Code	Customer_Code	i5_Barcode_Seq	i7_Barcode_Seq	Sequence_Name	Sequencing_Cycle
GOT_130404_P001_WA01	N/A	TATGCAGT	GTGTTCTA	RAPiD-Genomics_F147_GOT_130404_P001_WA01_i5-514_i7-59_S42_L001_R1_001.fastq.gz	2x150
GOT_130404_P001_WA02	N/A	TATGCAGT	AGTCACTA	RAPiD-Genomics_F147_GOT_130404_P001_WA02_i5-514_i7-27_S43_L001_R1_001.fastq.gz	2x150
GOT_130404_P001_WA03	N/A	TATGCAGT	ATTGGCTC	RAPiD-Genomics_F147_GOT_130404_P001_WA03_i5-514_i7-82_S44_L001_R1_001.fastq.gz	2x150
GOT_130404_P001_WA04	N/A	TATGCAGT	CAGATCTG	RAPiD-Genomics_F147_GOT_130404_P001_WA04_i5-514_i7-7_S45_L001_R1_001.fastq.gz	2x150
GOT_130404_P001_WA05	N/A	TATGCAGT	CCGTGAGA	RAPiD-Genomics_F147_GOT_130404_P001_WA05_i5-514_i7-38_S46_L001_R1_001.fastq.gz	2x150
GOT_130404_P001_WA06	N/A	TATGCAGT	ACACGACC	RAPiD-Genomics_F147_GOT_130404_P001_WA06_i5-514_i7-74_S47_L001_R1_001.fastq.gz	2x150
GOT_130404_P001_WA07	N/A	TATGCAGT	AGCACCTC	RAPiD-Genomics_F147_GOT_130404_P001_WA07_i5-514_i7-77_S48_L001_R1_001.fastq.gz	2x150
GOT_130404_P001_WA08	N/A	TATGCAGT	AAGACGGA	RAPiD-Genomics_F147_GOT_130404_P001_WA08_i5-514_i7-16_S49_L001_R1_001.fastq.gz	2x150
GOT_130404_P001_WA09	N/A	TATGCAGT	CCAGTTCA	RAPiD-Genomics_F147_GOT_130404_P001_WA09_i5-514_i7-36_S50_L001_R1_001.fastq.gz	2x150
GOT_130404_P001_WA10	N/A	TATGCAGT	GGAGAACA	RAPiD-Genomics_F147_GOT_130404_P001_WA10_i5-514_i7-54_S51_L001_R1_001.fastq.gz	2x150
GOT_130404_P001_WA11	N/A	TATGCAGT	AGATCGCA	RAPiD-Genomics_F147_GOT_130404_P001_WA11_i5-514_i7-25_S52_L001_R1_001.fastq.gz	2x150
GOT_130404_P001_WA12	N/A	TATGCAGT	ACTATGCA	RAPiD-Genomics_F147_GOT_130404_P001_WA12_i5-514_i7-23_S53_L001_R1_001.fastq.gz	2x150
GOT_130404_P001_WB01	N/A	TATGCAGT	CAAGACTA	RAPiD-Genomics_F147_GOT_130404_P001_WB01_i5-514_i7-31_S54_L001_R1_001.fastq.gz	2x150
GOT_130404_P001_WB02	N/A	TATGCAGT	CCTCCTGA	RAPiD-Genomics_F147_GOT_130404_P001_WB02_i5-514_i7-39_S55_L001_R1_001.fastq.gz	2x150
GOT_130404_P001_WB03	N/A	TATGCAGT	AAACATCG	RAPiD-Genomics_F147_GOT_130404_P001_WB03_i5-514_i7-2_S56_L001_R1_001.fastq.gz	2x150
GOT_130404_P001_WB04	N/A	TATGCAGT	ACCTCCAA	RAPiD-Genomics_F147_GOT_130404_P001_WB04_i5-514_i7-20_S57_L001_R1_001.fastq.gz	2x150
GOT_130404_P001_WB05	N/A	TATGCAGT	CGGATTGC	RAPiD-Genomics_F147_GOT_130404_P001_WB05_i5-514_i7-90_S58_L001_R1_001.fastq.gz	2x150
GOT_130404_P001_WB06	N/A	TATGCAGT	ACATTGGC	RAPiD-Genomics_F147_GOT_130404_P001_WB06_i5-514_i7-6_S59_L001_R1_001.fastq.gz	2x150
GOT_130404_P001_WB07	N/A	TATGCAGT	ATTGAGGA	RAPiD-Genomics_F147_GOT_130404_P001_WB07_i5-514_i7-29_S60_L001_R1_001.fastq.gz	2x150
GOT_130404_P001_WB08	N/A	TATGCAGT	GTCGTAGA	RAPiD-Genomics_F147_GOT_130404_P001_WB08_i5-514_i7-57_S61_L001_R1_001.fastq.gz	2x150
GOT_130404_P001_WB09	N/A	TATGCAGT	TCTTCACA	RAPiD-Genomics_F147_GOT_130404_P001_WB09_i5-514_i7-63_S62_L001_R1_001.fastq.gz	2x150
GOT_130404_P001_WB10	N/A	TATGCAGT	GGTGCGAA	RAPiD-Genomics_F147_GOT_130404_P001_WB10_i5-514_i7-55_S63_L001_R1_001.fastq.gz	2x150
GOT_130404_P001_WB11	N/A	TATGCAGT	ACCACTGT	RAPiD-Genomics_F147_GOT_130404_P001_WB11_i5-514_i7-5_S64_L001_R1_001.fastq.gz	2x150
GOT_130404_P001_WB12	N/A	TATGCAGT	ACAGATTC	RAPiD-Genomics_F147_GOT_130404_P001_WB12_i5-514_i7-75_S65_L001_R1_001.fastq.gz	2x150
GOT_130404_P001_WC01	N/A	TATGCAGT	TGGAACAA	RAPiD-Genomics_F147_GOT_130404_P001_WC01_i5-514_i7-65_S66_L001_R1_001.fastq.gz	2x150
GOT_130404_P001_WC02	N/A	TATGCAGT	TGGTGGTA	RAPiD-Genomics_F147_GOT_130404_P001_WC02_i5-514_i7-67_S67_L001_R1_001.fastq.gz	2x150
GOT_130404_P001_WC03	N/A	TATGCAGT	CGAACTTA	RAPiD-Genomics_F147_GOT_130404_P001_WC03_i5-514_i7-40_S68_L001_R1_001.fastq.gz	2x150
GOT_130404_P001_WC04	N/A	TATGCAGT	ACAGCAGA	RAPiD-Genomics_F147_GOT_130404_P001_WC04_i5-514_i7-19_S69_L001_R1_001.fastq.gz	2x150
GOT_130404_P001_WC05	N/A	TATGCAGT	ATCATTCC	RAPiD-Genomics_F147_GOT_130404_P001_WC05_i5-514_i7-81_S70_L001_R1_001.fastq.gz	2x150
GOT_130404_P001_WC06	N/A	TATGCAGT	ATGCCTAA	RAPiD-Genomics_F147_GOT_130404_P001_WC06_i5-514_i7-3_S71_L001_R1_001.fastq.gz	2x150
GOT_130404_P001_WC07	N/A	TATGCAGT	TCCGTCTA	RAPiD-Genomics_F147_GOT_130404_P001_WC07_i5-514_i7-62_S72_L001_R1_001.fastq.gz	2x150
GOT_130404_P001_WC08	N/A	TATGCAGT	AAGGTACA	RAPiD-Genomics_F147_GOT_130404_P001_WC08_i5-514_i7-17_S73_L001_R1_001.fastq.gz	2x150
GOT_130404_P001_WC09	N/A	TATGCAGT	GACAGTGC	RAPiD-Genomics_F147_GOT_130404_P001_WC09_i5-514_i7-93_S74_L001_R1_001.fastq.gz	2x150
GOT_130404_P001_WC10	N/A	TATGCAGT	GACTAGTA	RAPiD-Genomics_F147_GOT_130404_P001_WC10_i5-514_i7-47_S75_L001_R1_001.fastq.gz	2x150
GOT_130404_P001_WC11	N/A	TATGCAGT	AAGAGATC	RAPiD-Genomics_F147_GOT_130404_P001_WC11_i5-514_i7-70_S76_L001_R1_001.fastq.gz	2x150
GOT_130404_P001_WC12	N/A	TATGCAGT	CTCAATGA	RAPiD-Genomics_F147_GOT_130404_P001_WC12_i5-514_i7-43_S77_L001_R1_001.fastq.gz	2x150
GOT_130404_P001_WD01	N/A	TATGCAGT	GCTAACGA	RAPiD-Genomics_F147_GOT_130404_P001_WD01_i5-514_i7-52_S78_L001_R1_001.fastq.gz	2x150
GOT_130404_P001_WD02	N/A	TATGCAGT	AATCCGTC	RAPiD-Genomics_F147_GOT_130404_P001_WD02_i5-514_i7-72_S79_L001_R1_001.fastq.gz	2x150
GOT_130404_P001_WD03	N/A	TATGCAGT	CAACCACA	RAPiD-Genomics_F147_GOT_130404_P001_WD03_i5-514_i7-30_S80_L001_R1_001.fastq.gz	2x150
GOT_130404_P001_WD04	N/A	TATGCAGT	CTAAGGTC	RAPiD-Genomics_F147_GOT_130404_P001_WD04_i5-514_i7-91_S81_L001_R1_001.fastq.gz	2x150
GOT_130404_P001_WD05	N/A	TATGCAGT	AAGGACAC	RAPiD-Genomics_F147_GOT_130404_P001_WD05_i5-514_i7-71_S82_L001_R1_001.fastq.gz	2x150
GOT_130404_P001_WD06	N/A	TATGCAGT	GCCACATA	RAPiD-Genomics_F147_GOT_130404_P001_WD06_i5-514_i7-50_S83_L001_R1_001.fastq.gz	2x150
GOT_130404_P001_WD07	N/A	TATGCAGT	CCGACAAC	RAPiD-Genomics_F147_GOT_130404_P001_WD07_i5-514_i7-86_S84_L001_R1_001.fastq.gz	2x150
GOT_130404_P001_WD08	N/A	TATGCAGT	ATAGCGAC	RAPiD-Genomics_F147_GOT_130404_P001_WD08_i5-514_i7-80_S85_L001_R1_001.fastq.gz	2x150
GOT_130404_P001_WD09	N/A	TATGCAGT	TGAAGAGA	RAPiD-Genomics_F147_GOT_130404_P001_WD09_i5-514_i7-64_S86_L001_R1_001.fastq.gz	2x150
GOT_130404_P001_WD10	N/A	TATGCAGT	CATCAAGT	RAPiD-Genomics_F147_GOT_130404_P001_WD10_i5-514_i7-8_S87_L001_R1_001.fastq.gz	2x150
GOT_130404_P001_WD11	N/A	TATGCAGT	GTCTGTCA	RAPiD-Genomics_F147_GOT_130404_P001_WD11_i5-514_i7-58_S88_L001_R1_001.fastq.gz	2x150
GOT_130404_P001_WD12	N/A	TATGCAGT	CGCTGATC	RAPiD-Genomics_F147_GOT_130404_P001_WD12_i5-514_i7-9_S89_L001_R1_001.fastq.gz	2x150
GOT_130404_P001_WE01	N/A	TATGCAGT	GAGCTGAA	RAPiD-Genomics_F147_GOT_130404_P001_WE01_i5-514_i7-48_S90_L001_R1_001.fastq.gz	2x150
GOT_130404_P001_WE02	N/A	TATGCAGT	CGACACAC	RAPiD-Genomics_F147_GOT_130404_P001_WE02_i5-514_i7-89_S91_L001_R1_001.fastq.gz	2x150
GOT_130404_P001_WE03	N/A	TATGCAGT	CCTAATCC	RAPiD-Genomics_F147_GOT_130404_P001_WE03_i5-514_i7-87_S92_L001_R1_001.fastq.gz	2x150
GOT_130404_P001_WE04	N/A	TATGCAGT	ACGCTCGA	RAPiD-Genomics_F147_GOT_130404_P001_WE04_i5-514_i7-21_S93_L001_R1_001.fastq.gz	2x150
GOT_130404_P001_WE05	N/A	TATGCAGT	GAGTTAGC	RAPiD-Genomics_F147_GOT_130404_P001_WE05_i5-514_i7-94_S94_L001_R1_001.fastq.gz	2x150
GOT_130404_P001_WE06	N/A	TATGCAGT	CATACCAA	RAPiD-Genomics_F147_GOT_130404_P001_WE06_i5-514_i7-35_S95_L001_R1_001.fastq.gz	2x150
GOT_130404_P001_WE07	N/A	TATGCAGT	CTGAGCCA	RAPiD-Genomics_F147_GOT_130404_P001_WE07_i5-514_i7-44_S96_L001_R1_001.fastq.gz	2x150
GOT_130404_P001_WE08	N/A	TATGCAGT	AGTGGTCA	RAPiD-Genomics_F147_GOT_130404_P001_WE08_i5-514_i7-4_S97_L001_R1_001.fastq.gz	2x150
GOT_130404_P001_WE09	N/A	TATGCAGT	AGAGTCAA	RAPiD-Genomics_F147_GOT_130404_P001_WE09_i5-514_i7-24_S98_L001_R1_001.fastq.gz	2x150
GOT_130404_P001_WE10	N/A	TATGCAGT	TATCAGCA	RAPiD-Genomics_F147_GOT_130404_P001_WE10_i5-514_i7-61_S99_L001_R1_001.fastq.gz	2x150
GOT_130404_P001_WE11	N/A	TATGCAGT	AACAACCA	RAPiD-Genomics_F147_GOT_130404_P001_WE11_i5-514_i7-13_S100_L001_R1_001.fastq.gz	2x150
GOT_130404_P001_WE12	N/A	TATGCAGT	AGATGTAC	RAPiD-Genomics_F147_GOT_130404_P001_WE12_i5-514_i7-76_S101_L001_R1_001.fastq.gz	2x150
GOT_130404_P001_WF01	N/A	TATGCAGT	ATCCTGTA	RAPiD-Genomics_F147_GOT_130404_P001_WF01_i5-514_i7-28_S102_L001_R1_001.fastq.gz	2x150
GOT_130404_P001_WF02	N/A	TATGCAGT	AGCCATGC	RAPiD-Genomics_F147_GOT_130404_P001_WF02_i5-514_i7-78_S103_L001_R1_001.fastq.gz	2x150
GOT_130404_P001_WF03	N/A	TATGCAGT	AGGCTAAC	RAPiD-Genomics_F147_GOT_130404_P001_WF03_i5-514_i7-79_S104_L001_R1_001.fastq.gz	2x150
GOT_130404_P001_WF04	N/A	TATGCAGT	CTGGCATA	RAPiD-Genomics_F147_GOT_130404_P001_WF04_i5-514_i7-45_S150_L001_R1_001.fastq.gz	2x150
GOT_130404_P001_WF05	N/A	TATGCAGT	GAACAGGC	RAPiD-Genomics_F147_GOT_130404_P001_WF05_i5-514_i7-92_S105_L001_R1_001.fastq.gz	2x150
GOT_130404_P001_WF06	N/A	TATGCAGT	TAGGATGA	RAPiD-Genomics_F147_GOT_130404_P001_WF06_i5-514_i7-60_S106_L001_R1_001.fastq.gz	2x150
GOT_130404_P001_WF07	N/A	TATGCAGT	CACTTCGA	RAPiD-Genomics_F147_GOT_130404_P001_WF07_i5-514_i7-33_S107_L001_R1_001.fastq.gz	2x150
GOT_130404_P001_WF08	N/A	TATGCAGT	GCTCGGTA	RAPiD-Genomics_F147_GOT_130404_P001_WF08_i5-514_i7-53_S108_L001_R1_001.fastq.gz	2x150
GOT_130404_P001_WF09	N/A	TATGCAGT	GAATCTGA	RAPiD-Genomics_F147_GOT_130404_P001_WF09_i5-514_i7-46_S109_L001_R1_001.fastq.gz	2x150
GOT_130404_P001_WF10	N/A	TATGCAGT	AGCAGGAA	RAPiD-Genomics_F147_GOT_130404_P001_WF10_i5-514_i7-26_S110_L001_R1_001.fastq.gz	2x150
GOT_130404_P001_WF11	N/A	TATGCAGT	GCGAGTAA	RAPiD-Genomics_F147_GOT_130404_P001_WF11_i5-514_i7-51_S111_L001_R1_001.fastq.gz	2x150
GOT_130404_P001_WF12	N/A	TATGCAGT	TGGCTTCA	RAPiD-Genomics_F147_GOT_130404_P001_WF12_i5-514_i7-66_S112_L001_R1_001.fastq.gz	2x150
GOT_130404_P001_WG01	N/A	TATGCAGT	CACCTTAC	RAPiD-Genomics_F147_GOT_130404_P001_WG01_i5-514_i7-84_S113_L001_R1_001.fastq.gz	2x150
GOT_130404_P001_WG02	N/A	TATGCAGT	AGTACAAG	RAPiD-Genomics_F147_GOT_130404_P001_WG02_i5-514_i7-12_S114_L001_R1_001.fastq.gz	2x150
GOT_130404_P001_WG03	N/A	TATGCAGT	ACGTATCA	RAPiD-Genomics_F147_GOT_130404_P001_WG03_i5-514_i7-22_S115_L001_R1_001.fastq.gz	2x150
GOT_130404_P001_WG04	N/A	TATGCAGT	ACAAGCTA	RAPiD-Genomics_F147_GOT_130404_P001_WG04_i5-514_i7-10_S116_L001_R1_001.fastq.gz	2x150
GOT_130404_P001_WG05	N/A	TATGCAGT	AACTCACC	RAPiD-Genomics_F147_GOT_130404_P001_WG05_i5-514_i7-69_S117_L001_R1_001.fastq.gz	2x150
GOT_130404_P001_WG06	N/A	TATGCAGT	AACCGAGA	RAPiD-Genomics_F147_GOT_130404_P001_WG06_i5-514_i7-14_S118_L001_R1_001.fastq.gz	2x150
GOT_130404_P001_WG07	N/A	TATGCAGT	ACACAGAA	RAPiD-Genomics_F147_GOT_130404_P001_WG07_i5-514_i7-18_S119_L001_R1_001.fastq.gz	2x150
GOT_130404_P001_WG08	N/A	TATGCAGT	TTCACGCA	RAPiD-Genomics_F147_GOT_130404_P001_WG08_i5-514_i7-68_S151_L001_R1_001.fastq.gz	2x150
GOT_130404_P001_WG09	N/A	TATGCAGT	CGACTGGA	RAPiD-Genomics_F147_GOT_130404_P001_WG09_i5-514_i7-41_S120_L001_R1_001.fastq.gz	2x150
GOT_130404_P001_WG10	N/A	TATGCAGT	CCGAAGTA	RAPiD-Genomics_F147_GOT_130404_P001_WG10_i5-514_i7-37_S121_L001_R1_001.fastq.gz	2x150
GOT_130404_P001_WG11	N/A	TATGCAGT	GCCAAGAC	RAPiD-Genomics_F147_GOT_130404_P001_WG11_i5-514_i7-96_S122_L001_R1_001.fastq.gz	2x150
GOT_130404_P001_WG12	N/A	TATGCAGT	CGCATACA	RAPiD-Genomics_F147_GOT_130404_P001_WG12_i5-514_i7-42_S123_L001_R1_001.fastq.gz	2x150
GOT_130404_P001_WH01	N/A	TATGCAGT	CTGTAGCC	RAPiD-Genomics_F147_GOT_130404_P001_WH01_i5-514_i7-11_S124_L001_R1_001.fastq.gz	2x150
GOT_130404_P001_WH02	N/A	TATGCAGT	CAATGGAA	RAPiD-Genomics_F147_GOT_130404_P001_WH02_i5-514_i7-32_S125_L001_R1_001.fastq.gz	2x150
GOT_130404_P001_WH03	N/A	TATGCAGT	CCTCTATC	RAPiD-Genomics_F147_GOT_130404_P001_WH03_i5-514_i7-88_S126_L001_R1_001.fastq.gz	2x150
GOT_130404_P001_WH04	N/A	TATGCAGT	AATGTTGC	RAPiD-Genomics_F147_GOT_130404_P001_WH04_i5-514_i7-73_S127_L001_R1_001.fastq.gz	2x150
GOT_130404_P001_WH05	N/A	TATGCAGT	AACGCTTA	RAPiD-Genomics_F147_GOT_130404_P001_WH05_i5-514_i7-15_S128_L001_R1_001.fastq.gz	2x150
GOT_130404_P001_WH06	N/A	TATGCAGT	GATAGACA	RAPiD-Genomics_F147_GOT_130404_P001_WH06_i5-514_i7-49_S129_L001_R1_001.fastq.gz	2x150
GOT_130404_P001_WH07	N/A	TATGCAGT	AACGTGAT	RAPiD-Genomics_F147_GOT_130404_P001_WH07_i5-514_i7-1_S130_L001_R1_001.fastq.gz	2x150
GOT_130404_P001_WH08	N/A	TATGCAGT	CCATCCTC	RAPiD-Genomics_F147_GOT_130404_P001_WH08_i5-514_i7-85_S131_L001_R1_001.fastq.gz	2x150
GOT_130404_P001_WH09	N/A	TATGCAGT	CAAGGAGC	RAPiD-Genomics_F147_GOT_130404_P001_WH09_i5-514_i7-83_S132_L001_R1_001.fastq.gz	2x150
GOT_130404_P001_WH10	N/A	TATGCAGT	CAGCGTTA	RAPiD-Genomics_F147_GOT_130404_P001_WH10_i5-514_i7-34_S133_L001_R1_001.fastq.gz	2x150
GOT_130404_P001_WH11	N/A	TATGCAGT	GATGAATC	RAPiD-Genomics_F147_GOT_130404_P001_WH11_i5-514_i7-95_S134_L001_R1_001.fastq.gz	2x150
GOT_130404_P001_WH12	N/A	TATGCAGT	GTACGCAA	RAPiD-Genomics_F147_GOT_130404_P001_WH12_i5-514_i7-56_S152_L001_R1_001.fastq.gz	2x150
GOT_130404_P002_WA01	N/A	TACTCCTT	GTGTTCTA	RAPiD-Genomics_F147_GOT_130404_P002_WA01_i5-515_i7-59_S135_L001_R1_001.fastq.gz	2x150
GOT_130404_P002_WA02	N/A	TACTCCTT	AGTCACTA	RAPiD-Genomics_F147_GOT_130404_P002_WA02_i5-515_i7-27_S136_L001_R1_001.fastq.gz	2x150
GOT_130404_P002_WA03	N/A	TACTCCTT	ATTGGCTC	RAPiD-Genomics_F147_GOT_130404_P002_WA03_i5-515_i7-82_S137_L001_R1_001.fastq.gz	2x150
GOT_130404_P002_WA04	N/A	TACTCCTT	CAGATCTG	RAPiD-Genomics_F147_GOT_130404_P002_WA04_i5-515_i7-7_S138_L001_R1_001.fastq.gz	2x150
GOT_130404_P002_WA05	N/A	TACTCCTT	CCGTGAGA	RAPiD-Genomics_F147_GOT_130404_P002_WA05_i5-515_i7-38_S139_L001_R1_001.fastq.gz	2x150
GOT_130404_P002_WA06	N/A	TACTCCTT	ACACGACC	RAPiD-Genomics_F147_GOT_130404_P002_WA06_i5-515_i7-74_S140_L001_R1_001.fastq.gz	2x150
GOT_130404_P002_WA07	N/A	TACTCCTT	AGCACCTC	RAPiD-Genomics_F147_GOT_130404_P002_WA07_i5-515_i7-77_S141_L001_R1_001.fastq.gz	2x150
GOT_130404_P002_WA08	N/A	TACTCCTT	AAGACGGA	RAPiD-Genomics_F147_GOT_130404_P002_WA08_i5-515_i7-16_S142_L001_R1_001.fastq.gz	2x150
GOT_130404_P002_WA09	N/A	TACTCCTT	CCAGTTCA	RAPiD-Genomics_F147_GOT_130404_P002_WA09_i5-515_i7-36_S143_L001_R1_001.fastq.gz	2x150
GOT_130404_P002_WA10	N/A	TACTCCTT	GGAGAACA	RAPiD-Genomics_F147_GOT_130404_P002_WA10_i5-515_i7-54_S144_L001_R1_001.fastq.gz	2x150
GOT_130404_P002_WA11	N/A	TACTCCTT	AGATCGCA	RAPiD-Genomics_F147_GOT_130404_P002_WA11_i5-515_i7-25_S145_L001_R1_001.fastq.gz	2x150
GOT_130404_P002_WA12	N/A	TACTCCTT	ACTATGCA	RAPiD-Genomics_F147_GOT_130404_P002_WA12_i5-515_i7-23_S146_L001_R1_001.fastq.gz	2x150
GOT_130404_P002_WB01	N/A	TACTCCTT	CAAGACTA	RAPiD-Genomics_F147_GOT_130404_P002_WB01_i5-515_i7-31_S147_L001_R1_001.fastq.gz	2x150
GOT_130404_P002_WB02	N/A	TACTCCTT	CCTCCTGA	RAPiD-Genomics_F147_GOT_130404_P002_WB02_i5-515_i7-39_S148_L001_R1_001.fastq.gz	2x150
GOT_130404_P002_WB03	N/A	TACTCCTT	AAACATCG	RAPiD-Genomics_F147_GOT_130404_P002_WB03_i5-515_i7-2_S149_L001_R1_001.fastq.gz	2x150
GOT_130404_P002_WB04	N/A	TACTCCTT	ACCTCCAA	RAPiD-Genomics_F147_GOT_130404_P002_WB04_i5-515_i7-20_S153_L001_R1_001.fastq.gz	2x150
GOT_130404_P002_WB05	N/A	TACTCCTT	CGGATTGC	RAPiD-Genomics_F147_GOT_130404_P002_WB05_i5-515_i7-90_S154_L001_R1_001.fastq.gz	2x150
GOT_130404_P002_WB06	N/A	TACTCCTT	ACATTGGC	RAPiD-Genomics_F147_GOT_130404_P002_WB06_i5-515_i7-6_S155_L001_R1_001.fastq.gz	2x150
GOT_130404_P002_WB07	N/A	TACTCCTT	ATTGAGGA	RAPiD-Genomics_F147_GOT_130404_P002_WB07_i5-515_i7-29_S156_L001_R1_001.fastq.gz	2x150
GOT_130404_P002_WB08	N/A	TACTCCTT	GTCGTAGA	RAPiD-Genomics_F147_GOT_130404_P002_WB08_i5-515_i7-57_S157_L001_R1_001.fastq.gz	2x150
GOT_130404_P002_WB09	N/A	TACTCCTT	TCTTCACA	RAPiD-Genomics_F147_GOT_130404_P002_WB09_i5-515_i7-63_S158_L001_R1_001.fastq.gz	2x150
GOT_130404_P002_WB10	N/A	TACTCCTT	GGTGCGAA	RAPiD-Genomics_F147_GOT_130404_P002_WB10_i5-515_i7-55_S159_L001_R1_001.fastq.gz	2x150
GOT_130404_P002_WB11	N/A	TACTCCTT	ACCACTGT	RAPiD-Genomics_F147_GOT_130404_P002_WB11_i5-515_i7-5_S160_L001_R1_001.fastq.gz	2x150
GOT_130404_P002_WB12	N/A	TACTCCTT	ACAGATTC	RAPiD-Genomics_F147_GOT_130404_P002_WB12_i5-515_i7-75_S161_L001_R1_001.fastq.gz	2x150
GOT_130404_P002_WC01	N/A	TACTCCTT	TGGAACAA	RAPiD-Genomics_F147_GOT_130404_P002_WC01_i5-515_i7-65_S162_L001_R1_001.fastq.gz	2x150
GOT_130404_P002_WC02	N/A	TACTCCTT	TGGTGGTA	RAPiD-Genomics_F147_GOT_130404_P002_WC02_i5-515_i7-67_S163_L001_R1_001.fastq.gz	2x150
GOT_130404_P002_WC03	N/A	TACTCCTT	CGAACTTA	RAPiD-Genomics_F147_GOT_130404_P002_WC03_i5-515_i7-40_S164_L001_R1_001.fastq.gz	2x150
